{
    "mean_response_relevancy_score": 0.8363983739350098,
    "overall_citation_recall_val": 0.557123617123617,
    "overall_citation_precision_val": 0.904915824915825,
    "f1_cg": 0.6896530463860161,
    "recall_answer": 1.0,
    "precision_answer": 1.0,
    "f1_answer": 1.0,
    "recall_refusal": 0.8,
    "precision_refusal": 1.0,
    "f1_refusal": 0.888888888888889,
    "f1_rg": 0.9444444444444444
}